gender;race_ethnicity;parent_education;lunch;test_prep;math_score;reading_score;writing_score;pass_fail_status;total_marks;percentage_of_marks
Female;Group B;Bachelor's Degree;Standard;None;72;72;74;Pass;218;72.67
Female;Group C;Some College;Standard;Completed;69;90;88;Pass;247;82.33
Female;Group B;Master's Degree;Standard;None;90;95;93;Pass;278;92.67
Male;Group A;Associate's Degree;Free/reduced;None;47;57;44;Fail;148;49.33
Male;Group C;Some College;Standard;None;76;78;75;Pass;229;76.33
Female;Group B;Associate's Degree;Standard;None;71;83;78;Pass;232;77.33
Female;Group B;Some College;Standard;Completed;88;95;92;Pass;275;91.67
Male;Group B;Some College;Free/reduced;None;40;43;39;Fail;122;40.67
Male;Group D;High School;Free/reduced;Completed;64;64;67;Pass;195;65
Female;Group B;High School;Free/reduced;None;38;60;50;Fail;148;49.33
Male;Group C;Associate's Degree;Standard;None;58;54;52;Pass;164;54.67
Male;Group D;Associate's Degree;Standard;None;40;52;43;Fail;135;45
Female;Group B;High School;Standard;None;65;81;73;Pass;219;73
Male;Group A;Some College;Standard;Completed;78;72;70;Pass;220;73.33
Female;Group A;Master's Degree;Standard;None;50;53;58;Pass;161;53.67
Female;Group C;Some High School;Standard;None;69;75;78;Pass;222;74
Male;Group C;High School;Standard;None;88;89;86;Pass;263;87.67
Female;Group B;Some High School;Free/reduced;None;18;32;28;Fail;78;26
Male;Group C;Master's Degree;Free/reduced;Completed;46;42;46;Fail;134;44.67
Female;Group C;Associate's Degree;Free/reduced;None;54;58;61;Pass;173;57.67
Male;Group D;High School;Standard;None;66;69;63;Pass;198;66
Female;Group B;Some College;Free/reduced;Completed;65;75;70;Pass;210;70
Male;Group D;Some College;Standard;None;44;54;53;Fail;151;50.33
Female;Group C;Some High School;Standard;None;69;73;73;Pass;215;71.67
Male;Group D;Bachelor's Degree;Free/reduced;Completed;74;71;80;Pass;225;75
Male;Group A;Master's Degree;Free/reduced;None;73;74;72;Pass;219;73
Male;Group B;Some College;Standard;None;69;54;55;Pass;178;59.33
Female;Group C;Bachelor's Degree;Standard;None;67;69;75;Pass;211;70.33
Male;Group C;High School;Standard;None;70;70;65;Pass;205;68.33
Female;Group D;Master's Degree;Standard;None;62;70;75;Pass;207;69
Female;Group D;Some College;Standard;None;69;74;74;Pass;217;72.33
Female;Group B;Some College;Standard;None;63;65;61;Pass;189;63
Female;Group E;Master's Degree;Free/reduced;None;56;72;65;Pass;193;64.33
Male;Group D;Some College;Standard;None;40;42;38;Fail;120;40
Male;Group E;Some College;Standard;None;97;87;82;Pass;266;88.67
Male;Group E;Associate's Degree;Standard;Completed;81;81;79;Pass;241;80.33
Female;Group D;Associate's Degree;Standard;None;74;81;83;Pass;238;79.33
Female;Group D;Some High School;Free/reduced;None;50;64;59;Pass;173;57.67
Female;Group D;Associate's Degree;Free/reduced;Completed;75;90;88;Pass;253;84.33
Male;Group B;Associate's Degree;Free/reduced;None;57;56;57;Pass;170;56.67
Male;Group C;Associate's Degree;Free/reduced;None;55;61;54;Pass;170;56.67
Female;Group C;Associate's Degree;Standard;None;58;73;68;Pass;199;66.33
Female;Group B;Associate's Degree;Standard;None;53;58;65;Pass;176;58.67
Male;Group B;Some College;Free/reduced;Completed;59;65;66;Pass;190;63.33
Female;Group E;Associate's Degree;Free/reduced;None;50;56;54;Pass;160;53.33
Male;Group B;Associate's Degree;Standard;None;65;54;57;Pass;176;58.67
Female;Group A;Associate's Degree;Standard;Completed;55;65;62;Pass;182;60.67
Female;Group C;High School;Standard;None;66;71;76;Pass;213;71
Female;Group D;Associate's Degree;Free/reduced;Completed;57;74;76;Pass;207;69
Male;Group C;High School;Standard;Completed;82;84;82;Pass;248;82.67
Male;Group E;Some College;Standard;None;53;55;48;Fail;156;52
Male;Group E;Associate's Degree;Free/reduced;Completed;77;69;68;Pass;214;71.33
Male;Group C;Some College;Standard;None;53;44;42;Fail;139;46.33
Male;Group D;High School;Standard;None;88;78;75;Pass;241;80.33
Female;Group C;Some High School;Free/reduced;Completed;71;84;87;Pass;242;80.67
Female;Group C;High School;Free/reduced;None;33;41;43;Fail;117;39
Female;Group E;Associate's Degree;Standard;Completed;82;85;86;Pass;253;84.33
Male;Group D;Associate's Degree;Standard;None;52;55;49;Fail;156;52
Male;Group D;Some College;Standard;Completed;58;59;58;Pass;175;58.33
Female;Group C;Some High School;Free/reduced;None;0;17;10;Fail;27;9
Male;Group E;Bachelor's Degree;Free/reduced;Completed;79;74;72;Pass;225;75
Male;Group A;Some High School;Free/reduced;None;39;39;34;Fail;112;37.33
Male;Group A;Associate's Degree;Free/reduced;None;62;61;55;Pass;178;59.33
Female;Group C;Associate's Degree;Standard;None;69;80;71;Pass;220;73.33
Female;Group D;Some High School;Standard;None;59;58;59;Pass;176;58.67
Male;Group B;Some High School;Standard;None;67;64;61;Pass;192;64
Male;Group D;Some High School;Free/reduced;None;45;37;37;Fail;119;39.67
Female;Group C;Some College;Standard;None;60;72;74;Pass;206;68.67
Male;Group B;Associate's Degree;Free/reduced;None;61;58;56;Pass;175;58.33
Female;Group C;Associate's Degree;Standard;None;39;64;57;Fail;160;53.33
Female;Group D;Some College;Free/reduced;Completed;58;63;73;Pass;194;64.67
Male;Group D;Some College;Standard;Completed;63;55;63;Pass;181;60.33
Female;Group A;Associate's Degree;Free/reduced;None;41;51;48;Fail;140;46.67
Male;Group C;Some High School;Free/reduced;None;61;57;56;Pass;174;58
Male;Group C;Some High School;Standard;None;49;49;41;Fail;139;46.33
Male;Group B;Associate's Degree;Free/reduced;None;44;41;38;Fail;123;41
Male;Group E;Some High School;Standard;None;30;26;22;Fail;78;26
Male;Group A;Bachelor's Degree;Standard;Completed;80;78;81;Pass;239;79.67
Female;Group D;Some High School;Standard;Completed;61;74;72;Pass;207;69
Female;Group E;Master's Degree;Standard;None;62;68;68;Pass;198;66
Female;Group B;Associate's Degree;Standard;None;47;49;50;Fail;146;48.67
Male;Group B;High School;Free/reduced;None;49;45;45;Fail;139;46.33
Male;Group A;Some College;Free/reduced;Completed;50;47;54;Fail;151;50.33
Male;Group E;Associate's Degree;Standard;None;72;64;63;Pass;199;66.33
Male;Group D;High School;Free/reduced;None;42;39;34;Fail;115;38.33
Female;Group C;Some College;Standard;None;73;80;82;Pass;235;78.33
Female;Group C;Some College;Free/reduced;None;76;83;88;Pass;247;82.33
Female;Group D;Associate's Degree;Standard;None;71;71;74;Pass;216;72
Female;Group A;Some College;Standard;None;58;70;67;Pass;195;65
Female;Group D;Some High School;Standard;None;73;86;82;Pass;241;80.33
Female;Group C;Bachelor's Degree;Standard;None;65;72;74;Pass;211;70.33
Male;Group C;High School;Free/reduced;None;27;34;36;Fail;97;32.33
Male;Group C;High School;Standard;None;71;79;71;Pass;221;73.67
Male;Group C;Associate's Degree;Free/reduced;Completed;43;45;50;Fail;138;46
Female;Group B;Some College;Standard;None;79;86;92;Pass;257;85.67
Male;Group C;Associate's Degree;Free/reduced;Completed;78;81;82;Pass;241;80.33
Male;Group B;Some High School;Standard;Completed;65;66;62;Pass;193;64.33
Female;Group E;Some College;Standard;Completed;63;72;70;Pass;205;68.33
Female;Group D;Some College;Free/reduced;None;58;67;62;Pass;187;62.33
Female;Group D;Bachelor's Degree;Standard;None;65;67;62;Pass;194;64.67
Male;Group B;Some College;Standard;None;79;67;67;Pass;213;71
Male;Group D;Bachelor's Degree;Standard;Completed;68;74;74;Pass;216;72
Female;Group D;Associate's Degree;Standard;None;85;91;89;Pass;265;88.33
Male;Group B;High School;Standard;Completed;60;44;47;Fail;151;50.33
Male;Group C;Some College;Standard;Completed;98;86;90;Pass;274;91.33
Female;Group C;Some College;Standard;None;58;67;72;Pass;197;65.67
Female;Group D;Master's Degree;Standard;None;87;100;100;Pass;287;95.67
Male;Group E;Associate's Degree;Standard;Completed;66;63;64;Pass;193;64.33
Female;Group B;Associate's Degree;Free/reduced;None;52;76;70;Pass;198;66
Female;Group B;Some High School;Standard;None;70;64;72;Pass;206;68.67
Female;Group D;Associate's Degree;Free/reduced;Completed;77;89;98;Pass;264;88
Male;Group C;High School;Standard;None;62;55;49;Fail;166;55.33
Male;Group A;Associate's Degree;Standard;None;54;53;47;Fail;154;51.33
Female;Group D;Some College;Standard;None;51;58;54;Pass;163;54.33
Female;Group E;Bachelor's Degree;Standard;Completed;99;100;100;Pass;299;99.67
Male;Group C;High School;Standard;None;84;77;74;Pass;235;78.33
Female;Group B;Bachelor's Degree;Free/reduced;None;75;85;82;Pass;242;80.67
Female;Group D;Bachelor's Degree;Standard;None;78;82;79;Pass;239;79.67
Female;Group D;Some High School;Standard;None;51;63;61;Pass;175;58.33
Female;Group C;Some College;Standard;None;55;69;65;Pass;189;63
Female;Group C;Bachelor's Degree;Standard;Completed;79;92;89;Pass;260;86.67
Male;Group B;Associate's Degree;Standard;Completed;91;89;92;Pass;272;90.67
Female;Group C;Some College;Standard;Completed;88;93;93;Pass;274;91.33
Male;Group D;High School;Free/reduced;None;63;57;56;Pass;176;58.67
Male;Group E;Some College;Standard;None;83;80;73;Pass;236;78.67
Female;Group B;High School;Standard;None;87;95;86;Pass;268;89.33
Male;Group B;Some High School;Standard;None;72;68;67;Pass;207;69
Male;Group D;Some College;Standard;Completed;65;77;74;Pass;216;72
Male;Group D;Master's Degree;Standard;None;82;82;74;Pass;238;79.33
Female;Group A;Bachelor's Degree;Standard;None;51;49;51;Fail;151;50.33
Male;Group D;Master's Degree;Standard;None;89;84;82;Pass;255;85
Male;Group C;Some High School;Free/reduced;Completed;53;37;40;Fail;130;43.33
Male;Group E;Some College;Free/reduced;Completed;87;74;70;Pass;231;77
Female;Group C;Some College;Standard;Completed;75;81;84;Pass;240;80
Male;Group D;Bachelor's Degree;Free/reduced;Completed;74;79;75;Pass;228;76
Male;Group C;Bachelor's Degree;Standard;None;58;55;48;Fail;161;53.67
Male;Group B;Some High School;Standard;Completed;51;54;41;Fail;146;48.67
Male;Group E;High School;Standard;None;70;55;56;Pass;181;60.33
Female;Group C;Associate's Degree;Standard;None;59;66;67;Pass;192;64
Male;Group D;Some College;Standard;Completed;71;61;69;Pass;201;67
Female;Group D;Some High School;Standard;None;76;72;71;Pass;219;73
Female;Group C;Some College;Free/reduced;None;59;62;64;Pass;185;61.67
Female;Group E;Some College;Free/reduced;Completed;42;55;54;Fail;151;50.33
Male;Group A;High School;Standard;None;57;43;47;Fail;147;49
Male;Group D;Some College;Standard;None;88;73;78;Pass;239;79.67
Female;Group C;Some College;Free/reduced;None;22;39;33;Fail;94;31.33
Male;Group B;Some High School;Standard;None;88;84;75;Pass;247;82.33
Male;Group C;Associate's Degree;Free/reduced;None;73;68;66;Pass;207;69
Female;Group D;Bachelor's Degree;Standard;Completed;68;75;81;Pass;224;74.67
Male;Group E;Associate's Degree;Free/reduced;Completed;100;100;93;Pass;293;97.67
Male;Group A;Some High School;Standard;Completed;62;67;69;Pass;198;66
Male;Group A;Bachelor's Degree;Standard;None;77;67;68;Pass;212;70.67
Female;Group B;Associate's Degree;Standard;Completed;59;70;66;Pass;195;65
Male;Group D;Bachelor's Degree;Standard;None;54;49;47;Fail;150;50
Male;Group D;Some High School;Standard;None;62;67;61;Pass;190;63.33
Female;Group C;Some College;Standard;Completed;70;89;88;Pass;247;82.33
Female;Group E;High School;Free/reduced;Completed;66;74;78;Pass;218;72.67
Male;Group B;Some College;Free/reduced;None;60;60;60;Pass;180;60
Female;Group B;Associate's Degree;Standard;Completed;61;86;87;Pass;234;78
Male;Group D;Associate's Degree;Free/reduced;None;66;62;64;Pass;192;64
Male;Group B;Associate's Degree;Free/reduced;Completed;82;78;74;Pass;234;78
Female;Group E;Some College;Free/reduced;Completed;75;88;85;Pass;248;82.67
Male;Group B;Master's Degree;Free/reduced;None;49;53;52;Fail;154;51.33
Male;Group C;High School;Standard;None;52;53;49;Fail;154;51.33
Female;Group E;Master's Degree;Standard;None;81;92;91;Pass;264;88
Female;Group C;Bachelor's Degree;Standard;Completed;96;100;100;Pass;296;98.67
Male;Group C;High School;Free/reduced;Completed;53;51;51;Pass;155;51.67
Female;Group B;Master's Degree;Free/reduced;Completed;58;76;78;Pass;212;70.67
Female;Group B;High School;Standard;Completed;68;83;78;Pass;229;76.33
Female;Group C;Some College;Free/reduced;Completed;67;75;70;Pass;212;70.67
Male;Group A;High School;Standard;Completed;72;73;74;Pass;219;73
Male;Group E;Some High School;Standard;None;94;88;78;Pass;260;86.67
Female;Group D;Some College;Standard;None;79;86;81;Pass;246;82
Female;Group C;Associate's Degree;Standard;None;63;67;70;Pass;200;66.67
Female;Group C;Bachelor's Degree;Free/reduced;Completed;43;51;54;Fail;148;49.33
Female;Group C;Master's Degree;Standard;Completed;81;91;87;Pass;259;86.33
Female;Group B;High School;Free/reduced;Completed;46;54;58;Fail;158;52.67
Female;Group C;Associate's Degree;Standard;Completed;71;77;77;Pass;225;75
Female;Group B;Master's Degree;Free/reduced;Completed;52;70;62;Pass;184;61.33
Female;Group D;Some High School;Standard;Completed;97;100;100;Pass;297;99
Male;Group C;Master's Degree;Free/reduced;Completed;62;68;75;Pass;205;68.33
Female;Group C;Some College;Free/reduced;None;46;64;66;Fail;176;58.67
Female;Group E;High School;Standard;None;50;50;47;Fail;147;49
Female;Group D;Associate's Degree;Standard;None;65;69;70;Pass;204;68
Male;Group C;Some High School;Free/reduced;Completed;45;52;49;Fail;146;48.67
Male;Group C;Associate's Degree;Free/reduced;Completed;65;67;65;Pass;197;65.67
Male;Group E;High School;Standard;None;80;76;65;Pass;221;73.67
Male;Group D;Some High School;Standard;Completed;62;66;68;Pass;196;65.33
Male;Group B;Some High School;Free/reduced;None;48;52;45;Fail;145;48.33
Female;Group C;Bachelor's Degree;Standard;None;77;88;87;Pass;252;84
Female;Group E;Associate's Degree;Standard;None;66;65;69;Pass;200;66.67
Male;Group D;Some College;Standard;Completed;76;83;79;Pass;238;79.33
Female;Group B;Some High School;Standard;None;62;64;66;Pass;192;64
Male;Group D;Some College;Standard;Completed;77;62;62;Pass;201;67
Female;Group C;Master's Degree;Standard;Completed;69;84;85;Pass;238;79.33
Male;Group D;Associate's Degree;Standard;None;61;55;52;Pass;168;56
Male;Group C;Some High School;Free/reduced;Completed;59;69;65;Pass;193;64.33
Male;Group E;High School;Free/reduced;None;55;56;51;Pass;162;54
Female;Group B;Some College;Free/reduced;None;45;53;55;Fail;153;51
Female;Group B;Bachelor's Degree;Free/reduced;None;78;79;76;Pass;233;77.67
Female;Group C;Associate's Degree;Standard;Completed;67;84;86;Pass;237;79
Female;Group D;Some College;Free/reduced;None;65;81;77;Pass;223;74.33
Male;Group C;Associate's Degree;Standard;None;69;77;69;Pass;215;71.67
Female;Group B;Associate's Degree;Standard;None;57;69;68;Pass;194;64.67
Male;Group C;Some College;Standard;None;59;41;42;Fail;142;47.33
Male;Group D;Some High School;Standard;Completed;74;71;78;Pass;223;74.33
Male;Group E;Bachelor's Degree;Standard;None;82;62;62;Pass;206;68.67
Male;Group E;High School;Standard;Completed;81;80;76;Pass;237;79
Female;Group B;Some College;Free/reduced;None;74;81;76;Pass;231;77
Female;Group B;Some College;Free/reduced;None;58;61;66;Pass;185;61.67
Male;Group D;Some High School;Free/reduced;Completed;80;79;79;Pass;238;79.33
Male;Group C;Some College;Free/reduced;None;35;28;27;Fail;90;30
Female;Group C;High School;Free/reduced;None;42;62;60;Fail;164;54.67
Male;Group C;Associate's Degree;Free/reduced;Completed;60;51;56;Pass;167;55.67
Male;Group E;High School;Standard;Completed;87;91;81;Pass;259;86.33
Male;Group B;Some High School;Standard;Completed;84;83;75;Pass;242;80.67
Female;Group E;Associate's Degree;Free/reduced;Completed;83;86;88;Pass;257;85.67
Female;Group C;High School;Free/reduced;None;34;42;39;Fail;115;38.33
Male;Group B;High School;Free/reduced;None;66;77;70;Pass;213;71
Male;Group B;Some High School;Standard;Completed;61;56;56;Pass;173;57.67
Female;Group D;High School;Standard;Completed;56;68;74;Pass;198;66
Male;Group B;Associate's Degree;Standard;None;87;85;73;Pass;245;81.67
Female;Group C;Some High School;Free/reduced;None;55;65;62;Pass;182;60.67
Male;Group D;Some High School;Standard;None;86;80;75;Pass;241;80.33
Female;Group B;Associate's Degree;Standard;Completed;52;66;73;Pass;191;63.67
Female;Group E;Master's Degree;Free/reduced;None;45;56;54;Fail;155;51.67
Female;Group C;Some College;Standard;None;72;72;71;Pass;215;71.67
Male;Group D;High School;Standard;None;57;50;54;Pass;161;53.67
Male;Group A;Some High School;Free/reduced;None;68;72;64;Pass;204;68
Female;Group C;Some College;Standard;Completed;88;95;94;Pass;277;92.33
Male;Group D;Some College;Standard;None;76;64;66;Pass;206;68.67
Male;Group C;Associate's Degree;Standard;None;46;43;42;Fail;131;43.67
Female;Group B;Bachelor's Degree;Standard;None;67;86;83;Pass;236;78.67
Male;Group E;Some High School;Standard;None;92;87;78;Pass;257;85.67
Male;Group C;Bachelor's Degree;Standard;Completed;83;82;84;Pass;249;83
Male;Group D;Associate's Degree;Standard;None;80;75;77;Pass;232;77.33
Male;Group D;Bachelor's Degree;Free/reduced;None;63;66;67;Pass;196;65.33
Female;Group D;Some High School;Standard;Completed;64;60;74;Pass;198;66
Male;Group B;Some College;Standard;None;54;52;51;Pass;157;52.33
Male;Group C;Associate's Degree;Standard;None;84;80;80;Pass;244;81.33
Male;Group D;High School;Free/reduced;Completed;73;68;66;Pass;207;69
Female;Group E;Bachelor's Degree;Standard;None;80;83;83;Pass;246;82
Female;Group D;High School;Standard;None;56;52;55;Pass;163;54.33
Male;Group E;Some College;Standard;None;59;51;43;Fail;153;51
Male;Group D;Some High School;Standard;None;75;74;69;Pass;218;72.67
Male;Group C;Associate's Degree;Standard;None;85;76;71;Pass;232;77.33
Male;Group E;Associate's Degree;Standard;None;89;76;74;Pass;239;79.67
Female;Group B;High School;Standard;Completed;58;70;68;Pass;196;65.33
Female;Group B;High School;Standard;None;65;64;62;Pass;191;63.67
Male;Group C;High School;Standard;None;68;60;53;Pass;181;60.33
Male;Group A;Some High School;Standard;Completed;47;49;49;Fail;145;48.33
Female;Group D;Some College;Free/reduced;None;71;83;83;Pass;237;79
Female;Group B;Some High School;Standard;Completed;60;70;70;Pass;200;66.67
Male;Group D;Master's Degree;Standard;None;80;80;72;Pass;232;77.33
Male;Group D;High School;Standard;None;54;52;52;Pass;158;52.67
Female;Group E;Some College;Standard;None;62;73;70;Pass;205;68.33
Female;Group C;Associate's Degree;Free/reduced;None;64;73;68;Pass;205;68.33
Male;Group C;Associate's Degree;Standard;Completed;78;77;77;Pass;232;77.33
Female;Group B;Some College;Standard;None;70;75;78;Pass;223;74.33
Female;Group C;Master's Degree;Free/reduced;Completed;65;81;81;Pass;227;75.67
Female;Group C;Some High School;Free/reduced;Completed;64;79;77;Pass;220;73.33
Male;Group C;Some College;Standard;Completed;79;79;78;Pass;236;78.67
Female;Group C;Some High School;Free/reduced;None;44;50;51;Fail;145;48.33
Female;Group E;High School;Standard;None;99;93;90;Pass;282;94
Male;Group D;High School;Standard;None;76;73;68;Pass;217;72.33
Male;Group D;Some High School;Free/reduced;None;59;42;41;Fail;142;47.33
Female;Group C;Bachelor's Degree;Standard;None;63;75;81;Pass;219;73
Female;Group D;High School;Standard;None;69;72;77;Pass;218;72.67
Female;Group D;Associate's Degree;Standard;Completed;88;92;95;Pass;275;91.67
Female;Group E;Some College;Free/reduced;None;71;76;70;Pass;217;72.33
Male;Group C;Bachelor's Degree;Standard;None;69;63;61;Pass;193;64.33
Male;Group C;Some College;Standard;None;58;49;42;Fail;149;49.67
Female;Group D;Associate's Degree;Free/reduced;None;47;53;58;Fail;158;52.67
Female;Group D;Some College;Standard;None;65;70;71;Pass;206;68.67
Male;Group B;Some College;Standard;Completed;88;85;76;Pass;249;83
Male;Group C;Bachelor's Degree;Standard;None;83;78;73;Pass;234;78
Female;Group C;Some High School;Standard;Completed;85;92;93;Pass;270;90
Female;Group E;High School;Standard;Completed;59;63;75;Pass;197;65.67
Female;Group C;Some High School;Free/reduced;None;65;86;80;Pass;231;77
Male;Group B;Bachelor's Degree;Free/reduced;None;73;56;57;Pass;186;62
Male;Group D;High School;Standard;None;53;52;42;Fail;147;49
Male;Group D;High School;Standard;None;45;48;46;Fail;139;46.33
Female;Group D;Bachelor's Degree;Free/reduced;None;73;79;84;Pass;236;78.67
Female;Group D;Some College;Free/reduced;Completed;70;78;78;Pass;226;75.33
Female;Group B;Some High School;Standard;None;37;46;46;Fail;129;43
Male;Group B;Associate's Degree;Standard;Completed;81;82;82;Pass;245;81.67
Male;Group E;Associate's Degree;Standard;Completed;97;82;88;Pass;267;89
Female;Group B;Some High School;Standard;None;67;89;82;Pass;238;79.33
Male;Group B;Bachelor's Degree;Free/reduced;None;88;75;76;Pass;239;79.67
Male;Group E;Some High School;Standard;Completed;77;76;77;Pass;230;76.67
Male;Group C;Associate's Degree;Standard;None;76;70;68;Pass;214;71.33
Male;Group D;Some High School;Standard;None;86;73;70;Pass;229;76.33
Male;Group C;Some High School;Standard;Completed;63;60;57;Pass;180;60
Female;Group E;Bachelor's Degree;Standard;None;65;73;75;Pass;213;71
Male;Group D;High School;Free/reduced;Completed;78;77;80;Pass;235;78.33
Male;Group B;Associate's Degree;Free/reduced;None;67;62;60;Pass;189;63
Male;Group A;Some High School;Standard;Completed;46;41;43;Fail;130;43.33
Male;Group E;Associate's Degree;Standard;Completed;71;74;68;Pass;213;71
Male;Group C;High School;Free/reduced;Completed;40;46;50;Fail;136;45.33
Male;Group D;Associate's Degree;Free/reduced;None;90;87;75;Pass;252;84
Male;Group A;Some College;Free/reduced;Completed;81;78;81;Pass;240;80
Male;Group D;Some High School;Free/reduced;None;56;54;52;Pass;162;54
Female;Group C;Associate's Degree;Standard;Completed;67;84;81;Pass;232;77.33
Male;Group B;Associate's Degree;Standard;None;80;76;64;Pass;220;73.33
Female;Group C;Associate's Degree;Standard;Completed;74;75;83;Pass;232;77.33
Male;Group A;Some College;Standard;None;69;67;69;Pass;205;68.33
Male;Group E;Some College;Standard;Completed;99;87;81;Pass;267;89
Male;Group C;Some High School;Standard;None;51;52;44;Fail;147;49
Female;Group B;Associate's Degree;Free/reduced;None;53;71;67;Pass;191;63.67
Female;Group D;High School;Free/reduced;None;49;57;52;Fail;158;52.67
Female;Group B;Associate's Degree;Standard;None;73;76;80;Pass;229;76.33
Male;Group B;Bachelor's Degree;Standard;None;66;60;57;Pass;183;61
Male;Group D;Bachelor's Degree;Standard;Completed;67;61;68;Pass;196;65.33
Female;Group C;Associate's Degree;Free/reduced;Completed;68;67;69;Pass;204;68
Female;Group C;Bachelor's Degree;Standard;Completed;59;64;75;Pass;198;66
Male;Group C;High School;Standard;None;71;66;65;Pass;202;67.33
Female;Group D;Master's Degree;Standard;Completed;77;82;91;Pass;250;83.33
Male;Group C;Associate's Degree;Standard;None;83;72;78;Pass;233;77.67
Male;Group B;Bachelor's Degree;Standard;None;63;71;69;Pass;203;67.67
Female;Group D;Associate's Degree;Free/reduced;None;56;65;63;Pass;184;61.33
Female;Group C;High School;Free/reduced;Completed;67;79;84;Pass;230;76.67
Female;Group E;High School;Standard;None;75;86;79;Pass;240;80
Female;Group C;Some College;Standard;None;71;81;80;Pass;232;77.33
Female;Group C;Some High School;Free/reduced;None;43;53;53;Fail;149;49.67
Female;Group C;High School;Free/reduced;None;41;46;43;Fail;130;43.33
Female;Group C;Some College;Standard;None;82;90;94;Pass;266;88.67
Male;Group C;Some College;Standard;None;61;61;62;Pass;184;61.33
Male;Group A;Some College;Free/reduced;None;28;23;19;Fail;70;23.33
Male;Group C;Associate's Degree;Standard;Completed;82;75;77;Pass;234;78
Female;Group B;Some High School;Standard;None;41;55;51;Fail;147;49
Male;Group C;High School;Standard;None;71;60;61;Pass;192;64
Male;Group C;Associate's Degree;Standard;None;47;37;35;Fail;119;39.67
Male;Group E;Associate's Degree;Standard;Completed;62;56;53;Pass;171;57
Male;Group B;Associate's Degree;Standard;None;90;78;81;Pass;249;83
Female;Group C;Bachelor's Degree;Standard;None;83;93;95;Pass;271;90.33
Female;Group B;Some College;Free/reduced;None;61;68;66;Pass;195;65
Male;Group D;Some High School;Standard;Completed;76;70;69;Pass;215;71.67
Male;Group C;Associate's Degree;Standard;None;49;51;43;Fail;143;47.67
Female;Group B;Some High School;Free/reduced;None;24;38;27;Fail;89;29.67
Female;Group D;Some High School;Free/reduced;Completed;35;55;60;Fail;150;50
Male;Group C;High School;Free/reduced;None;58;61;52;Pass;171;57
Female;Group C;High School;Standard;None;61;73;63;Pass;197;65.67
Female;Group B;High School;Standard;Completed;69;76;74;Pass;219;73
Male;Group D;Associate's Degree;Standard;Completed;67;72;67;Pass;206;68.67
Male;Group D;Some College;Standard;None;79;73;67;Pass;219;73
Female;Group C;High School;Standard;None;72;80;75;Pass;227;75.67
Male;Group B;Some College;Standard;None;62;61;57;Pass;180;60
Female;Group C;Bachelor's Degree;Standard;Completed;77;94;95;Pass;266;88.67
Male;Group D;High School;Free/reduced;None;75;74;66;Pass;215;71.67
Male;Group E;Associate's Degree;Standard;None;87;74;76;Pass;237;79
Female;Group B;Bachelor's Degree;Standard;None;52;65;69;Pass;186;62
Male;Group E;Some College;Standard;None;66;57;52;Pass;175;58.33
Female;Group C;Some College;Standard;Completed;63;78;80;Pass;221;73.67
Female;Group C;Associate's Degree;Standard;None;46;58;57;Fail;161;53.67
Female;Group C;Some College;Standard;None;59;71;70;Pass;200;66.67
Female;Group B;Bachelor's Degree;Standard;None;61;72;70;Pass;203;67.67
Male;Group A;Associate's Degree;Standard;None;63;61;61;Pass;185;61.67
Female;Group C;Some College;Free/reduced;Completed;42;66;69;Fail;177;59
Male;Group D;Some College;Free/reduced;None;59;62;61;Pass;182;60.67
Female;Group D;Some College;Standard;None;80;90;89;Pass;259;86.33
Female;Group B;High School;Standard;None;58;62;59;Pass;179;59.67
Male;Group B;Some High School;Standard;Completed;85;84;78;Pass;247;82.33
Female;Group C;Some College;Standard;None;52;58;58;Pass;168;56
Female;Group D;Some High School;Free/reduced;None;27;34;32;Fail;93;31
Male;Group C;Some College;Standard;None;59;60;58;Pass;177;59
Male;Group A;Bachelor's Degree;Free/reduced;Completed;49;58;60;Fail;167;55.67
Male;Group C;High School;Standard;Completed;69;58;53;Pass;180;60
Male;Group C;Bachelor's Degree;Free/reduced;None;61;66;61;Pass;188;62.67
Female;Group A;Some High School;Free/reduced;None;44;64;58;Fail;166;55.33
Female;Group D;Some High School;Standard;None;73;84;85;Pass;242;80.67
Male;Group E;Some College;Standard;None;84;77;71;Pass;232;77.33
Female;Group C;Some College;Free/reduced;Completed;45;73;70;Fail;188;62.67
Male;Group D;Some High School;Standard;None;74;74;72;Pass;220;73.33
Female;Group D;Some College;Standard;Completed;82;97;96;Pass;275;91.67
Female;Group D;Bachelor's Degree;Standard;None;59;70;73;Pass;202;67.33
Male;Group E;Associate's Degree;Free/reduced;None;46;43;41;Fail;130;43.33
Female;Group D;Some High School;Standard;None;80;90;82;Pass;252;84
Female;Group D;Master's Degree;Free/reduced;Completed;85;95;100;Pass;280;93.33
Female;Group A;Some High School;Standard;None;71;83;77;Pass;231;77
Male;Group A;Bachelor's Degree;Standard;None;66;64;62;Pass;192;64
Female;Group B;Associate's Degree;Standard;None;80;86;83;Pass;249;83
Male;Group C;Associate's Degree;Standard;Completed;87;100;95;Pass;282;94
Male;Group C;Master's Degree;Free/reduced;None;79;81;71;Pass;231;77
Female;Group E;Some High School;Free/reduced;None;38;49;45;Fail;132;44
Female;Group A;Some High School;Free/reduced;None;38;43;43;Fail;124;41.33
Female;Group E;Some College;Standard;None;67;76;75;Pass;218;72.67
Female;Group E;Bachelor's Degree;Standard;None;64;73;70;Pass;207;69
Female;Group C;Associate's Degree;Free/reduced;None;57;78;67;Pass;202;67.33
Female;Group D;High School;Standard;None;62;64;64;Pass;190;63.33
Male;Group D;Master's Degree;Standard;None;73;70;75;Pass;218;72.67
Male;Group E;Some High School;Free/reduced;Completed;73;67;59;Pass;199;66.33
Female;Group D;Some College;Standard;None;77;68;77;Pass;222;74
Male;Group E;Some College;Standard;None;76;67;67;Pass;210;70
Male;Group C;Associate's Degree;Standard;Completed;57;54;56;Pass;167;55.67
Female;Group C;Some High School;Standard;Completed;65;74;77;Pass;216;72
Male;Group A;High School;Free/reduced;None;48;45;41;Fail;134;44.67
Female;Group B;High School;Free/reduced;None;50;67;63;Pass;180;60
Female;Group C;Associate's Degree;Standard;None;85;89;95;Pass;269;89.67
Male;Group B;Some High School;Standard;None;74;63;57;Pass;194;64.67
Male;Group D;Some High School;Standard;None;60;59;54;Pass;173;57.67
Female;Group C;Some High School;Standard;Completed;59;54;67;Pass;180;60
Male;Group A;Some College;Standard;None;53;43;43;Fail;139;46.33
Female;Group A;Some College;Free/reduced;None;49;65;55;Fail;169;56.33
Female;Group D;High School;Standard;Completed;88;99;100;Pass;287;95.67
Female;Group C;High School;Standard;None;54;59;62;Pass;175;58.33
Female;Group C;Some High School;Standard;None;63;73;68;Pass;204;68
Male;Group B;Associate's Degree;Standard;Completed;65;65;63;Pass;193;64.33
Female;Group B;Associate's Degree;Standard;None;82;80;77;Pass;239;79.67
Female;Group D;High School;Free/reduced;Completed;52;57;56;Pass;165;55
Male;Group D;Associate's Degree;Standard;Completed;87;84;85;Pass;256;85.33
Female;Group D;Master's Degree;Standard;Completed;70;71;74;Pass;215;71.67
Male;Group E;Some College;Standard;Completed;84;83;78;Pass;245;81.67
Male;Group D;Associate's Degree;Standard;None;71;66;60;Pass;197;65.67
Male;Group B;Some High School;Standard;Completed;63;67;67;Pass;197;65.67
Female;Group C;Bachelor's Degree;Free/reduced;Completed;51;72;79;Pass;202;67.33
Male;Group E;High School;Standard;None;84;73;69;Pass;226;75.33
Male;Group C;Bachelor's Degree;Standard;Completed;71;74;68;Pass;213;71
Male;Group C;Associate's Degree;Standard;None;74;73;67;Pass;214;71.33
Male;Group D;Some College;Standard;None;68;59;62;Pass;189;63
Male;Group E;High School;Free/reduced;Completed;57;56;54;Pass;167;55.67
Female;Group C;Associate's Degree;Free/reduced;Completed;82;93;93;Pass;268;89.33
Female;Group D;High School;Standard;Completed;57;58;64;Pass;179;59.67
Female;Group D;Master's Degree;Free/reduced;Completed;47;58;67;Fail;172;57.33
Female;Group A;Some High School;Standard;Completed;59;85;80;Pass;224;74.67
Male;Group B;Some College;Free/reduced;None;41;39;34;Fail;114;38
Female;Group C;Some College;Free/reduced;None;62;67;62;Pass;191;63.67
Male;Group C;Bachelor's Degree;Standard;None;86;83;86;Pass;255;85
Male;Group C;Some High School;Free/reduced;None;69;71;65;Pass;205;68.33
Male;Group A;Some High School;Free/reduced;None;65;59;53;Pass;177;59
Male;Group C;Some High School;Free/reduced;None;68;63;54;Pass;185;61.67
Male;Group C;Associate's Degree;Free/reduced;None;64;66;59;Pass;189;63
Female;Group C;High School;Standard;None;61;72;70;Pass;203;67.67
Male;Group C;High School;Standard;None;61;56;55;Pass;172;57.33
Female;Group A;Some High School;Free/reduced;None;47;59;50;Fail;156;52
Male;Group C;Some High School;Standard;None;73;66;66;Pass;205;68.33
Male;Group C;Some College;Free/reduced;Completed;50;48;53;Fail;151;50.33
Male;Group D;Associate's Degree;Standard;None;75;68;64;Pass;207;69
Male;Group D;Associate's Degree;Free/reduced;None;75;66;73;Pass;214;71.33
Male;Group C;High School;Standard;None;70;56;51;Pass;177;59
Male;Group D;Some High School;Standard;Completed;89;88;82;Pass;259;86.33
Female;Group C;Some College;Standard;Completed;67;81;79;Pass;227;75.67
Female;Group D;High School;Standard;None;78;81;80;Pass;239;79.67
Female;Group A;Some High School;Free/reduced;None;59;73;69;Pass;201;67
Female;Group B;Associate's Degree;Standard;None;73;83;76;Pass;232;77.33
Male;Group A;Some High School;Free/reduced;None;79;82;73;Pass;234;78
Female;Group C;Some High School;Standard;Completed;67;74;77;Pass;218;72.67
Male;Group D;Some College;Free/reduced;None;69;66;60;Pass;195;65
Male;Group C;High School;Standard;Completed;86;81;80;Pass;247;82.33
Male;Group B;High School;Standard;None;47;46;42;Fail;135;45
Male;Group B;Associate's Degree;Standard;None;81;73;72;Pass;226;75.33
Female;Group C;Some College;Free/reduced;Completed;64;85;85;Pass;234;78
Female;Group E;Some College;Standard;None;100;92;97;Pass;289;96.33
Female;Group C;Associate's Degree;Free/reduced;None;65;77;74;Pass;216;72
Male;Group C;Some College;Free/reduced;None;65;58;49;Fail;172;57.33
Female;Group C;Associate's Degree;Free/reduced;None;53;61;62;Pass;176;58.67
Male;Group C;Bachelor's Degree;Free/reduced;None;37;56;47;Fail;140;46.67
Female;Group D;Bachelor's Degree;Standard;None;79;89;89;Pass;257;85.67
Male;Group D;Associate's Degree;Free/reduced;None;53;54;48;Fail;155;51.67
Female;Group E;Bachelor's Degree;Standard;None;100;100;100;Pass;300;100
Male;Group B;High School;Standard;Completed;72;65;68;Pass;205;68.33
Male;Group C;Bachelor's Degree;Free/reduced;None;53;58;55;Pass;166;55.33
Male;Group B;Some College;Free/reduced;None;54;54;45;Fail;153;51
Female;Group E;Some College;Standard;None;71;70;76;Pass;217;72.33
Female;Group C;Some College;Free/reduced;None;77;90;91;Pass;258;86
Male;Group A;Bachelor's Degree;Standard;Completed;75;58;62;Pass;195;65
Female;Group C;Some College;Standard;None;84;87;91;Pass;262;87.33
Female;Group D;Associate's Degree;Free/reduced;None;26;31;38;Fail;95;31.67
Male;Group A;High School;Free/reduced;Completed;72;67;65;Pass;204;68
Female;Group A;High School;Free/reduced;Completed;77;88;85;Pass;250;83.33
Male;Group C;Some College;Standard;None;91;74;76;Pass;241;80.33
Female;Group C;Associate's Degree;Standard;Completed;83;85;90;Pass;258;86
Female;Group C;High School;Standard;None;63;69;74;Pass;206;68.67
Female;Group C;Associate's Degree;Standard;Completed;68;86;84;Pass;238;79.33
Female;Group D;Some High School;Standard;None;59;67;61;Pass;187;62.33
Female;Group B;Associate's Degree;Standard;Completed;90;90;91;Pass;271;90.33
Female;Group D;Bachelor's Degree;Standard;Completed;71;76;83;Pass;230;76.67
Male;Group E;Bachelor's Degree;Standard;Completed;76;62;66;Pass;204;68
Male;Group D;Associate's Degree;Standard;None;80;68;72;Pass;220;73.33
Female;Group D;Master's Degree;Standard;None;55;64;70;Pass;189;63
Male;Group E;Associate's Degree;Standard;None;76;71;67;Pass;214;71.33
Male;Group B;High School;Standard;Completed;73;71;68;Pass;212;70.67
Female;Group D;Associate's Degree;Free/reduced;None;52;59;56;Pass;167;55.67
Male;Group C;Some College;Free/reduced;None;68;68;61;Pass;197;65.67
Male;Group A;High School;Standard;None;59;52;46;Fail;157;52.33
Female;Group B;Associate's Degree;Standard;None;49;52;54;Fail;155;51.67
Male;Group C;High School;Standard;None;70;74;71;Pass;215;71.67
Male;Group D;Some College;Free/reduced;None;61;47;56;Fail;164;54.67
Female;Group C;Associate's Degree;Free/reduced;None;60;75;74;Pass;209;69.67
Male;Group B;Some High School;Standard;Completed;64;53;57;Pass;174;58
Male;Group A;Associate's Degree;Free/reduced;Completed;79;82;82;Pass;243;81
Female;Group A;Associate's Degree;Free/reduced;None;65;85;76;Pass;226;75.33
Female;Group C;Associate's Degree;Standard;None;64;64;70;Pass;198;66
Female;Group C;Some College;Standard;None;83;83;90;Pass;256;85.33
Female;Group C;Bachelor's Degree;Standard;None;81;88;90;Pass;259;86.33
Female;Group B;High School;Standard;None;54;64;68;Pass;186;62
Male;Group D;High School;Standard;Completed;68;64;66;Pass;198;66
Female;Group C;Some College;Standard;None;54;48;52;Fail;154;51.33
Female;Group D;Some College;Free/reduced;Completed;59;78;76;Pass;213;71
Female;Group B;Some High School;Standard;None;66;69;68;Pass;203;67.67
Male;Group E;Some College;Standard;None;76;71;72;Pass;219;73
Female;Group D;Master's Degree;Standard;None;74;79;82;Pass;235;78.33
Female;Group B;Associate's Degree;Standard;Completed;94;87;92;Pass;273;91
Male;Group C;Some College;Free/reduced;None;63;61;54;Pass;178;59.33
Female;Group E;Associate's Degree;Standard;Completed;95;89;92;Pass;276;92
Female;Group D;Master's Degree;Free/reduced;None;40;59;54;Fail;153;51
Female;Group B;Some High School;Standard;None;82;82;80;Pass;244;81.33
Male;Group A;High School;Standard;None;68;70;66;Pass;204;68
Male;Group B;Bachelor's Degree;Free/reduced;None;55;59;54;Pass;168;56
Male;Group C;Master's Degree;Standard;None;79;78;77;Pass;234;78
Female;Group C;Bachelor's Degree;Standard;None;86;92;87;Pass;265;88.33
Male;Group D;Some College;Standard;None;76;71;73;Pass;220;73.33
Male;Group A;Some High School;Standard;None;64;50;43;Fail;157;52.33
Male;Group D;Some High School;Free/reduced;None;62;49;52;Fail;163;54.33
Female;Group B;Some High School;Standard;Completed;54;61;62;Pass;177;59
Female;Group B;Master's Degree;Free/reduced;Completed;77;97;94;Pass;268;89.33
Female;Group C;Some High School;Standard;Completed;76;87;85;Pass;248;82.67
Female;Group D;Some College;Standard;None;74;89;84;Pass;247;82.33
Female;Group E;Some College;Standard;Completed;66;74;73;Pass;213;71
Female;Group D;Some High School;Standard;Completed;66;78;78;Pass;222;74
Female;Group B;High School;Free/reduced;Completed;67;78;79;Pass;224;74.67
Male;Group D;Some College;Standard;None;71;49;52;Fail;172;57.33
Female;Group C;Associate's Degree;Standard;None;91;86;84;Pass;261;87
Male;Group D;Bachelor's Degree;Standard;None;69;58;57;Pass;184;61.33
Male;Group C;Master's Degree;Free/reduced;None;54;59;50;Pass;163;54.33
Male;Group C;High School;Standard;Completed;53;52;49;Fail;154;51.33
Male;Group E;Some College;Standard;None;68;60;59;Pass;187;62.33
Male;Group C;Some High School;Free/reduced;Completed;56;61;60;Pass;177;59
Female;Group C;High School;Free/reduced;None;36;53;43;Fail;132;44
Female;Group D;Bachelor's Degree;Free/reduced;None;29;41;47;Fail;117;39
Female;Group C;Associate's Degree;Standard;None;62;74;70;Pass;206;68.67
Female;Group C;Associate's Degree;Standard;Completed;68;67;73;Pass;208;69.33
Female;Group C;Some High School;Standard;None;47;54;53;Fail;154;51.33
Male;Group E;Associate's Degree;Standard;Completed;62;61;58;Pass;181;60.33
Female;Group E;Associate's Degree;Standard;Completed;79;88;94;Pass;261;87
Male;Group B;High School;Standard;Completed;73;69;68;Pass;210;70
Female;Group C;Bachelor's Degree;Free/reduced;Completed;66;83;83;Pass;232;77.33
Male;Group C;Associate's Degree;Standard;Completed;51;60;58;Pass;169;56.33
Female;Group D;High School;Standard;None;51;66;62;Pass;179;59.67
Male;Group E;Bachelor's Degree;Standard;Completed;85;66;71;Pass;222;74
Male;Group A;Associate's Degree;Standard;Completed;97;92;86;Pass;275;91.67
Male;Group C;High School;Standard;Completed;75;69;68;Pass;212;70.67
Male;Group D;Associate's Degree;Free/reduced;Completed;79;82;80;Pass;241;80.33
Female;Group C;Associate's Degree;Standard;None;81;77;79;Pass;237;79
Female;Group D;Associate's Degree;Standard;None;82;95;89;Pass;266;88.67
Female;Group D;Master's Degree;Standard;None;64;63;66;Pass;193;64.33
Male;Group E;Some High School;Free/reduced;Completed;78;83;80;Pass;241;80.33
Female;Group A;Some High School;Standard;Completed;92;100;97;Pass;289;96.33
Male;Group C;High School;Standard;Completed;72;67;64;Pass;203;67.67
Female;Group C;High School;Free/reduced;None;62;67;64;Pass;193;64.33
Male;Group C;Master's Degree;Standard;None;79;72;69;Pass;220;73.33
Male;Group C;Some High School;Free/reduced;None;79;76;65;Pass;220;73.33
Male;Group B;Bachelor's Degree;Free/reduced;Completed;87;90;88;Pass;265;88.33
Female;Group B;Associate's Degree;Standard;None;40;48;50;Fail;138;46
Male;Group D;Some College;Free/reduced;None;77;62;64;Pass;203;67.67
Male;Group E;Associate's Degree;Standard;None;53;45;40;Fail;138;46
Female;Group C;Some College;Free/reduced;None;32;39;33;Fail;104;34.67
Female;Group C;Associate's Degree;Standard;Completed;55;72;79;Pass;206;68.67
Male;Group C;Master's Degree;Free/reduced;None;61;67;66;Pass;194;64.67
Female;Group B;Associate's Degree;Free/reduced;None;53;70;70;Pass;193;64.33
Male;Group D;Some High School;Standard;None;73;66;62;Pass;201;67
Female;Group D;Some College;Standard;Completed;74;75;79;Pass;228;76
Female;Group C;Some College;Standard;None;63;74;74;Pass;211;70.33
Male;Group C;Bachelor's Degree;Standard;Completed;96;90;92;Pass;278;92.67
Female;Group D;Some College;Free/reduced;Completed;63;80;80;Pass;223;74.33
Male;Group B;Bachelor's Degree;Free/reduced;None;48;51;46;Fail;145;48.33
Male;Group B;Associate's Degree;Standard;None;48;43;45;Fail;136;45.33
Female;Group E;Bachelor's Degree;Free/reduced;Completed;92;100;100;Pass;292;97.33
Female;Group D;Master's Degree;Free/reduced;Completed;61;71;78;Pass;210;70
Male;Group B;High School;Free/reduced;None;63;48;47;Fail;158;52.67
Male;Group D;Bachelor's Degree;Free/reduced;None;68;68;67;Pass;203;67.67
Male;Group B;Some College;Standard;Completed;71;75;70;Pass;216;72
Male;Group A;Bachelor's Degree;Standard;None;91;96;92;Pass;279;93
Female;Group C;Some College;Standard;None;53;62;56;Pass;171;57
Female;Group C;High School;Free/reduced;Completed;50;66;64;Pass;180;60
Female;Group E;High School;Standard;None;74;81;71;Pass;226;75.33
Male;Group A;Associate's Degree;Free/reduced;Completed;40;55;53;Fail;148;49.33
Male;Group A;Some College;Standard;Completed;61;51;52;Pass;164;54.67
Female;Group B;High School;Standard;None;81;91;89;Pass;261;87
Female;Group B;Some College;Free/reduced;Completed;48;56;58;Fail;162;54
Female;Group D;Master's Degree;Standard;None;53;61;68;Pass;182;60.67
Female;Group D;Some High School;Standard;None;81;97;96;Pass;274;91.33
Female;Group E;Some High School;Standard;None;77;79;80;Pass;236;78.67
Female;Group D;Bachelor's Degree;Free/reduced;None;63;73;78;Pass;214;71.33
Female;Group D;Associate's Degree;Standard;Completed;73;75;80;Pass;228;76
Female;Group D;Some College;Standard;None;69;77;77;Pass;223;74.33
Female;Group C;Associate's Degree;Standard;None;65;76;76;Pass;217;72.33
Female;Group A;High School;Standard;None;55;73;73;Pass;201;67
Female;Group C;Bachelor's Degree;Free/reduced;None;44;63;62;Fail;169;56.33
Female;Group C;Some College;Standard;None;54;64;65;Pass;183;61
Female;Group A;Some High School;Standard;None;48;66;65;Fail;179;59.67
Male;Group C;Some College;Free/reduced;None;58;57;54;Pass;169;56.33
Male;Group A;Some High School;Standard;None;71;62;50;Pass;183;61
Male;Group E;Bachelor's Degree;Standard;None;68;68;64;Pass;200;66.67
Female;Group E;High School;Standard;None;74;76;73;Pass;223;74.33
Female;Group C;Bachelor's Degree;Standard;Completed;92;100;99;Pass;291;97
Female;Group C;Bachelor's Degree;Standard;Completed;56;79;72;Pass;207;69
Male;Group B;High School;Free/reduced;None;30;24;15;Fail;69;23
Male;Group A;Some High School;Standard;None;53;54;48;Fail;155;51.67
Female;Group D;High School;Standard;None;69;77;73;Pass;219;73
Female;Group D;Some High School;Standard;None;65;82;81;Pass;228;76
Female;Group D;Master's Degree;Standard;None;54;60;63;Pass;177;59
Female;Group C;High School;Standard;None;29;29;30;Fail;88;29.33
Female;Group E;Some College;Standard;None;76;78;80;Pass;234;78
Male;Group D;High School;Free/reduced;None;60;57;51;Pass;168;56
Male;Group D;Master's Degree;Free/reduced;Completed;84;89;90;Pass;263;87.67
Male;Group C;Some High School;Standard;None;75;72;62;Pass;209;69.67
Female;Group C;Associate's Degree;Standard;None;85;84;82;Pass;251;83.67
Female;Group C;Master's Degree;Free/reduced;None;40;58;54;Fail;152;50.67
Female;Group E;Some College;Standard;None;61;64;62;Pass;187;62.33
Female;Group B;Associate's Degree;Standard;None;58;63;65;Pass;186;62
Male;Group D;Some College;Free/reduced;Completed;69;60;63;Pass;192;64
Female;Group C;Some College;Standard;None;58;59;66;Pass;183;61
Male;Group C;Bachelor's Degree;Standard;Completed;94;90;91;Pass;275;91.67
Female;Group C;Associate's Degree;Standard;None;65;77;74;Pass;216;72
Female;Group A;Associate's Degree;Standard;None;82;93;93;Pass;268;89.33
Female;Group C;High School;Standard;None;60;68;72;Pass;200;66.67
Female;Group E;Bachelor's Degree;Standard;None;37;45;38;Fail;120;40
Male;Group D;Bachelor's Degree;Standard;None;88;78;83;Pass;249;83
Male;Group D;Master's Degree;Standard;None;95;81;84;Pass;260;86.67
Male;Group C;Associate's Degree;Free/reduced;Completed;65;73;68;Pass;206;68.67
Female;Group C;High School;Free/reduced;None;35;61;54;Fail;150;50
Male;Group B;Bachelor's Degree;Free/reduced;None;62;63;56;Pass;181;60.33
Male;Group C;High School;Free/reduced;Completed;58;51;52;Pass;161;53.67
Male;Group A;Some College;Standard;Completed;100;96;86;Pass;282;94
Female;Group E;Bachelor's Degree;Free/reduced;None;61;58;62;Pass;181;60.33
Male;Group D;Some College;Standard;Completed;100;97;99;Pass;296;98.67
Male;Group B;Associate's Degree;Free/reduced;Completed;69;70;63;Pass;202;67.33
Male;Group D;Associate's Degree;Standard;None;61;48;46;Fail;155;51.67
Male;Group D;Some College;Free/reduced;None;49;57;46;Fail;152;50.67
Female;Group C;Some High School;Standard;Completed;44;51;55;Fail;150;50
Male;Group D;Some College;Standard;None;67;64;70;Pass;201;67
Male;Group B;High School;Standard;None;79;60;65;Pass;204;68
Female;Group B;Bachelor's Degree;Standard;Completed;66;74;81;Pass;221;73.67
Female;Group C;High School;Standard;None;75;88;85;Pass;248;82.67
Male;Group D;Some High School;Standard;None;84;84;80;Pass;248;82.67
Male;Group A;High School;Standard;None;71;74;64;Pass;209;69.67
Female;Group B;High School;Free/reduced;Completed;67;80;81;Pass;228;76
Female;Group D;Some High School;Standard;Completed;80;92;88;Pass;260;86.67
Male;Group E;Some College;Standard;None;86;76;74;Pass;236;78.67
Female;Group D;Associate's Degree;Standard;None;76;74;73;Pass;223;74.33
Male;Group D;High School;Standard;None;41;52;51;Fail;144;48
Female;Group D;Associate's Degree;Free/reduced;Completed;74;88;90;Pass;252;84
Female;Group B;Some High School;Free/reduced;None;72;81;79;Pass;232;77.33
Female;Group E;High School;Standard;Completed;74;79;80;Pass;233;77.67
Male;Group B;High School;Standard;None;70;65;60;Pass;195;65
Female;Group B;Bachelor's Degree;Standard;Completed;65;81;81;Pass;227;75.67
Female;Group D;Associate's Degree;Standard;None;59;70;65;Pass;194;64.67
Female;Group E;High School;Free/reduced;None;64;62;68;Pass;194;64.67
Female;Group B;High School;Standard;None;50;53;55;Pass;158;52.67
Female;Group D;Some College;Standard;Completed;69;79;81;Pass;229;76.33
Male;Group C;Some High School;Free/reduced;Completed;51;56;53;Pass;160;53.33
Female;Group A;High School;Standard;Completed;68;80;76;Pass;224;74.67
Female;Group D;Some College;Standard;Completed;85;86;98;Pass;269;89.67
Female;Group A;Associate's Degree;Standard;Completed;65;70;74;Pass;209;69.67
Female;Group B;Some High School;Standard;None;73;79;79;Pass;231;77
Female;Group B;Some College;Standard;None;62;67;67;Pass;196;65.33
Male;Group C;Associate's Degree;Free/reduced;None;77;67;64;Pass;208;69.33
Male;Group D;Some High School;Standard;None;69;66;61;Pass;196;65.33
Female;Group D;Associate's Degree;Free/reduced;None;43;60;58;Fail;161;53.67
Male;Group D;Associate's Degree;Standard;None;90;87;85;Pass;262;87.33
Male;Group C;Some College;Free/reduced;None;74;77;73;Pass;224;74.67
Male;Group C;Some High School;Standard;None;73;66;63;Pass;202;67.33
Female;Group D;Some College;Free/reduced;None;55;71;69;Pass;195;65
Female;Group C;High School;Standard;None;65;69;67;Pass;201;67
Male;Group D;Associate's Degree;Standard;None;80;63;63;Pass;206;68.67
Female;Group C;Some High School;Free/reduced;Completed;50;60;60;Pass;170;56.67
Female;Group C;Some College;Free/reduced;Completed;63;73;71;Pass;207;69
Female;Group B;Bachelor's Degree;Free/reduced;None;77;85;87;Pass;249;83
Male;Group C;Some College;Standard;None;73;74;61;Pass;208;69.33
Male;Group D;Associate's Degree;Standard;Completed;81;72;77;Pass;230;76.67
Female;Group C;High School;Free/reduced;None;66;76;68;Pass;210;70
Male;Group D;Associate's Degree;Free/reduced;None;52;57;50;Pass;159;53
Female;Group C;Some College;Standard;None;69;78;76;Pass;223;74.33
Female;Group C;Associate's Degree;Standard;Completed;65;84;84;Pass;233;77.67
Female;Group D;High School;Standard;Completed;69;77;78;Pass;224;74.67
Female;Group B;Some College;Standard;Completed;50;64;66;Pass;180;60
Female;Group E;Some College;Standard;Completed;73;78;76;Pass;227;75.67
Female;Group C;Some High School;Standard;Completed;70;82;76;Pass;228;76
Male;Group D;Associate's Degree;Free/reduced;None;81;75;78;Pass;234;78
Male;Group D;Some College;Free/reduced;None;63;61;60;Pass;184;61.33
Female;Group D;High School;Standard;None;67;72;74;Pass;213;71
Male;Group B;High School;Standard;None;60;68;60;Pass;188;62.67
Male;Group B;High School;Standard;None;62;55;54;Pass;171;57
Female;Group C;Some High School;Free/reduced;Completed;29;40;44;Fail;113;37.67
Male;Group B;Some College;Standard;Completed;62;66;68;Pass;196;65.33
Female;Group E;Master's Degree;Standard;Completed;94;99;100;Pass;293;97.67
Male;Group E;Some College;Standard;Completed;85;75;68;Pass;228;76
Male;Group D;Associate's Degree;Free/reduced;None;77;78;73;Pass;228;76
Male;Group A;High School;Free/reduced;None;53;58;44;Fail;155;51.67
Male;Group E;Some College;Free/reduced;None;93;90;83;Pass;266;88.67
Female;Group C;Associate's Degree;Standard;None;49;53;53;Fail;155;51.67
Female;Group E;Associate's Degree;Free/reduced;None;73;76;78;Pass;227;75.67
Female;Group C;Bachelor's Degree;Free/reduced;Completed;66;74;81;Pass;221;73.67
Female;Group D;Associate's Degree;Standard;None;77;77;73;Pass;227;75.67
Female;Group C;Some High School;Standard;None;49;63;56;Fail;168;56
Female;Group D;Some College;Free/reduced;None;79;89;86;Pass;254;84.67
Female;Group C;Associate's Degree;Standard;Completed;75;82;90;Pass;247;82.33
Female;Group A;Bachelor's Degree;Standard;None;59;72;70;Pass;201;67
Female;Group D;Associate's Degree;Standard;Completed;57;78;79;Pass;214;71.33
Male;Group C;High School;Free/reduced;None;66;66;59;Pass;191;63.67
Female;Group E;Bachelor's Degree;Standard;Completed;79;81;82;Pass;242;80.67
Female;Group B;Some High School;Standard;None;57;67;72;Pass;196;65.33
Male;Group A;Bachelor's Degree;Standard;Completed;87;84;87;Pass;258;86
Female;Group D;Some College;Standard;None;63;64;67;Pass;194;64.67
Female;Group B;Some High School;Free/reduced;Completed;59;63;64;Pass;186;62
Male;Group A;Bachelor's Degree;Free/reduced;None;62;72;65;Pass;199;66.33
Male;Group D;High School;Standard;None;46;34;36;Fail;116;38.67
Male;Group C;Some College;Standard;None;66;59;52;Pass;177;59
Male;Group D;High School;Standard;None;89;87;79;Pass;255;85
Female;Group D;Associate's Degree;Free/reduced;Completed;42;61;58;Fail;161;53.67
Male;Group C;Some College;Standard;Completed;93;84;90;Pass;267;89
Female;Group E;Some High School;Standard;Completed;80;85;85;Pass;250;83.33
Female;Group D;Some College;Standard;None;98;100;99;Pass;297;99
Male;Group D;Master's Degree;Standard;None;81;81;84;Pass;246;82
Female;Group B;Some High School;Standard;Completed;60;70;74;Pass;204;68
Female;Group B;Associate's Degree;Free/reduced;Completed;76;94;87;Pass;257;85.67
Male;Group C;Associate's Degree;Standard;Completed;73;78;72;Pass;223;74.33
Female;Group C;Associate's Degree;Standard;Completed;96;96;99;Pass;291;97
Female;Group C;High School;Standard;None;76;76;74;Pass;226;75.33
Male;Group E;Associate's Degree;Free/reduced;Completed;91;73;80;Pass;244;81.33
Female;Group C;Some College;Free/reduced;None;62;72;70;Pass;204;68
Male;Group D;Some High School;Free/reduced;Completed;55;59;59;Pass;173;57.67
Female;Group B;Some High School;Free/reduced;Completed;74;90;88;Pass;252;84
Male;Group C;High School;Standard;None;50;48;42;Fail;140;46.67
Male;Group B;Some College;Standard;None;47;43;41;Fail;131;43.67
Male;Group E;Some College;Standard;Completed;81;74;71;Pass;226;75.33
Female;Group E;Associate's Degree;Standard;Completed;65;75;77;Pass;217;72.33
Male;Group E;Some High School;Standard;Completed;68;51;57;Pass;176;58.67
Female;Group D;High School;Free/reduced;None;73;92;84;Pass;249;83
Male;Group C;Some College;Standard;None;53;39;37;Fail;129;43
Female;Group B;Associate's Degree;Free/reduced;Completed;68;77;80;Pass;225;75
Male;Group A;Some High School;Free/reduced;None;55;46;43;Fail;144;48
Female;Group C;Some College;Standard;Completed;87;89;94;Pass;270;90
Male;Group D;Some High School;Standard;None;55;47;44;Fail;146;48.67
Female;Group E;Some College;Free/reduced;None;53;58;57;Pass;168;56
Male;Group C;Master's Degree;Standard;None;67;57;59;Pass;183;61
Male;Group C;Associate's Degree;Standard;None;92;79;84;Pass;255;85
Female;Group B;Some College;Free/reduced;Completed;53;66;73;Pass;192;64
Male;Group D;Associate's Degree;Standard;None;81;71;73;Pass;225;75
Male;Group C;High School;Free/reduced;None;61;60;55;Pass;176;58.67
Male;Group D;Bachelor's Degree;Standard;None;80;73;72;Pass;225;75
Female;Group A;Associate's Degree;Free/reduced;None;37;57;56;Fail;150;50
Female;Group C;High School;Standard;None;81;84;82;Pass;247;82.33
Female;Group C;Associate's Degree;Standard;Completed;59;73;72;Pass;204;68
Male;Group B;Some College;Free/reduced;None;55;55;47;Fail;157;52.33
Male;Group D;Associate's Degree;Standard;None;72;79;74;Pass;225;75
Male;Group D;High School;Standard;None;69;75;71;Pass;215;71.67
Male;Group C;Some College;Standard;None;69;64;68;Pass;201;67
Female;Group C;Bachelor's Degree;Free/reduced;None;50;60;59;Pass;169;56.33
Male;Group B;Some College;Standard;Completed;87;84;86;Pass;257;85.67
Male;Group D;Some High School;Standard;Completed;71;69;68;Pass;208;69.33
Male;Group E;Some College;Standard;None;68;72;65;Pass;205;68.33
Male;Group C;Master's Degree;Free/reduced;Completed;79;77;75;Pass;231;77
Female;Group C;Some High School;Standard;Completed;77;90;85;Pass;252;84
Male;Group C;Associate's Degree;Free/reduced;None;58;55;53;Pass;166;55.33
Female;Group E;Associate's Degree;Standard;None;84;95;92;Pass;271;90.33
Male;Group D;Some College;Standard;None;55;58;52;Pass;165;55
Male;Group E;Bachelor's Degree;Free/reduced;Completed;70;68;72;Pass;210;70
Female;Group D;Some College;Free/reduced;Completed;52;59;65;Pass;176;58.67
Male;Group B;Some College;Standard;Completed;69;77;77;Pass;223;74.33
Female;Group C;High School;Free/reduced;None;53;72;64;Pass;189;63
Female;Group D;Some High School;Standard;None;48;58;54;Fail;160;53.33
Male;Group D;Some High School;Standard;Completed;78;81;86;Pass;245;81.67
Female;Group B;High School;Standard;None;62;62;63;Pass;187;62.33
Male;Group D;Some College;Standard;None;60;63;59;Pass;182;60.67
Female;Group B;High School;Standard;None;74;72;72;Pass;218;72.67
Female;Group C;High School;Standard;Completed;58;75;77;Pass;210;70
Male;Group B;High School;Standard;Completed;76;62;60;Pass;198;66
Female;Group D;Some High School;Standard;None;68;71;75;Pass;214;71.33
Male;Group A;Some College;Free/reduced;None;58;60;57;Pass;175;58.33
Male;Group B;High School;Standard;None;52;48;49;Fail;149;49.67
Male;Group D;Bachelor's Degree;Standard;None;75;73;74;Pass;222;74
Female;Group B;Some High School;Free/reduced;Completed;52;67;72;Pass;191;63.67
Female;Group C;Bachelor's Degree;Free/reduced;None;62;78;79;Pass;219;73
Male;Group B;Some College;Standard;None;66;65;60;Pass;191;63.67
Female;Group B;Some High School;Free/reduced;None;49;58;55;Fail;162;54
Female;Group B;High School;Standard;None;66;72;70;Pass;208;69.33
Female;Group C;Some College;Free/reduced;None;35;44;43;Fail;122;40.67
Female;Group A;Some College;Standard;Completed;72;79;82;Pass;233;77.67
Male;Group E;Associate's Degree;Standard;Completed;94;85;82;Pass;261;87
Female;Group D;Associate's Degree;Free/reduced;None;46;56;57;Fail;159;53
Female;Group B;Master's Degree;Standard;None;77;90;84;Pass;251;83.67
Female;Group B;High School;Free/reduced;Completed;76;85;82;Pass;243;81
Female;Group C;Associate's Degree;Standard;Completed;52;59;62;Pass;173;57.67
Male;Group C;Bachelor's Degree;Standard;Completed;91;81;79;Pass;251;83.67
Female;Group B;Some High School;Standard;Completed;32;51;44;Fail;127;42.33
Female;Group E;Some High School;Free/reduced;None;72;79;77;Pass;228;76
Female;Group B;Some College;Standard;None;19;38;32;Fail;89;29.67
Male;Group C;Associate's Degree;Free/reduced;None;68;65;61;Pass;194;64.67
Female;Group C;Master's Degree;Free/reduced;None;52;65;61;Pass;178;59.33
Female;Group B;High School;Standard;None;48;62;60;Fail;170;56.67
Female;Group D;Some College;Free/reduced;None;60;66;70;Pass;196;65.33
Male;Group D;High School;Free/reduced;None;66;74;69;Pass;209;69.67
Male;Group E;Some High School;Standard;Completed;89;84;77;Pass;250;83.33
Female;Group B;High School;Standard;None;42;52;51;Fail;145;48.33
Female;Group E;Associate's Degree;Free/reduced;Completed;57;68;73;Pass;198;66
Male;Group D;High School;Standard;None;70;70;70;Pass;210;70
Female;Group E;Associate's Degree;Free/reduced;None;70;84;81;Pass;235;78.33
Male;Group E;Some College;Standard;None;69;60;54;Pass;183;61
Female;Group C;Associate's Degree;Standard;None;52;55;57;Pass;164;54.67
Male;Group C;Some High School;Standard;Completed;67;73;68;Pass;208;69.33
Male;Group C;Some High School;Standard;Completed;76;80;73;Pass;229;76.33
Female;Group E;Associate's Degree;Standard;None;87;94;95;Pass;276;92
Female;Group B;Some College;Standard;None;82;85;87;Pass;254;84.67
Female;Group C;Some College;Standard;None;73;76;78;Pass;227;75.67
Male;Group A;Some College;Free/reduced;None;75;81;74;Pass;230;76.67
Female;Group D;Some College;Free/reduced;None;64;74;75;Pass;213;71
Female;Group E;High School;Free/reduced;None;41;45;40;Fail;126;42
Male;Group C;High School;Standard;None;90;75;69;Pass;234;78
Male;Group B;Bachelor's Degree;Standard;None;59;54;51;Pass;164;54.67
Male;Group A;Some High School;Standard;None;51;31;36;Fail;118;39.33
Male;Group A;High School;Free/reduced;None;45;47;49;Fail;141;47
Female;Group C;Master's Degree;Standard;Completed;54;64;67;Pass;185;61.67
Male;Group E;Some High School;Standard;Completed;87;84;76;Pass;247;82.33
Female;Group C;High School;Standard;None;72;80;83;Pass;235;78.33
Male;Group B;Some High School;Standard;Completed;94;86;87;Pass;267;89
Female;Group A;Bachelor's Degree;Standard;None;45;59;64;Fail;168;56
Male;Group D;Bachelor's Degree;Free/reduced;Completed;61;70;76;Pass;207;69
Female;Group B;High School;Free/reduced;None;60;72;68;Pass;200;66.67
Female;Group C;Some High School;Standard;None;77;91;88;Pass;256;85.33
Female;Group A;Some High School;Standard;Completed;85;90;92;Pass;267;89
Female;Group D;Bachelor's Degree;Free/reduced;None;78;90;93;Pass;261;87
Male;Group E;Some College;Free/reduced;Completed;49;52;51;Fail;152;50.67
Female;Group B;High School;Free/reduced;None;71;87;82;Pass;240;80
Female;Group C;Some High School;Free/reduced;None;48;58;52;Fail;158;52.67
Male;Group C;High School;Standard;None;62;67;58;Pass;187;62.33
Female;Group C;Associate's Degree;Free/reduced;Completed;56;68;70;Pass;194;64.67
Female;Group C;Some High School;Standard;None;65;69;76;Pass;210;70
Female;Group D;Some High School;Free/reduced;Completed;69;86;81;Pass;236;78.67
Male;Group B;Some High School;Standard;None;68;54;53;Pass;175;58.33
Female;Group A;Some College;Free/reduced;None;61;60;57;Pass;178;59.33
Female;Group C;Bachelor's Degree;Free/reduced;Completed;74;86;89;Pass;249;83
Male;Group A;Bachelor's Degree;Standard;None;64;60;58;Pass;182;60.67
Female;Group B;High School;Standard;Completed;77;82;89;Pass;248;82.67
Male;Group B;Some College;Standard;None;58;50;45;Fail;153;51
Female;Group C;High School;Standard;Completed;60;64;74;Pass;198;66
Male;Group E;High School;Standard;None;73;64;57;Pass;194;64.67
Female;Group A;High School;Standard;Completed;75;82;79;Pass;236;78.67
Male;Group B;Associate's Degree;Free/reduced;Completed;58;57;53;Pass;168;56
Female;Group C;Associate's Degree;Standard;None;66;77;73;Pass;216;72
Female;Group D;High School;Free/reduced;None;39;52;46;Fail;137;45.67
Male;Group C;Some High School;Standard;None;64;58;51;Pass;173;57.67
Female;Group B;High School;Free/reduced;Completed;23;44;36;Fail;103;34.33
Male;Group B;Some College;Free/reduced;Completed;74;77;76;Pass;227;75.67
Female;Group D;Some High School;Free/reduced;Completed;40;65;64;Fail;169;56.33
Male;Group E;Master's Degree;Standard;None;90;85;84;Pass;259;86.33
Male;Group C;Master's Degree;Standard;Completed;91;85;85;Pass;261;87
Male;Group D;High School;Standard;None;64;54;50;Pass;168;56
Female;Group C;High School;Standard;None;59;72;68;Pass;199;66.33
Male;Group D;Associate's Degree;Standard;None;80;75;69;Pass;224;74.67
Male;Group C;Master's Degree;Standard;None;71;67;67;Pass;205;68.33
Female;Group A;High School;Standard;None;61;68;63;Pass;192;64
Female;Group E;Some College;Standard;None;87;85;93;Pass;265;88.33
Male;Group E;Some High School;Standard;None;82;67;61;Pass;210;70
Male;Group C;Some High School;Standard;None;62;64;55;Pass;181;60.33
Female;Group B;Bachelor's Degree;Standard;None;97;97;96;Pass;290;96.67
Male;Group B;Some College;Free/reduced;None;75;68;65;Pass;208;69.33
Female;Group C;Bachelor's Degree;Standard;None;65;79;81;Pass;225;75
Male;Group B;High School;Standard;Completed;52;49;46;Fail;147;49
Male;Group C;Associate's Degree;Free/reduced;None;87;73;72;Pass;232;77.33
Female;Group C;Associate's Degree;Standard;None;53;62;53;Pass;168;56
Female;Group E;Master's Degree;Free/reduced;None;81;86;87;Pass;254;84.67
Male;Group D;Bachelor's Degree;Free/reduced;Completed;39;42;38;Fail;119;39.67
Female;Group C;Some College;Standard;Completed;71;71;80;Pass;222;74
Male;Group C;Associate's Degree;Standard;None;97;93;91;Pass;281;93.67
Male;Group D;Some College;Standard;Completed;82;82;88;Pass;252;84
Male;Group C;High School;Free/reduced;None;59;53;52;Pass;164;54.67
Male;Group B;Associate's Degree;Standard;None;61;42;41;Fail;144;48
Male;Group E;Associate's Degree;Free/reduced;Completed;78;74;72;Pass;224;74.67
Male;Group C;Associate's Degree;Free/reduced;None;49;51;51;Fail;151;50.33
Male;Group B;High School;Standard;None;59;58;47;Fail;164;54.67
Female;Group C;Some College;Standard;Completed;70;72;76;Pass;218;72.67
Male;Group B;Associate's Degree;Standard;Completed;82;84;78;Pass;244;81.33
Male;Group E;Associate's Degree;Free/reduced;None;90;90;82;Pass;262;87.33
Female;Group C;Bachelor's Degree;Free/reduced;None;43;62;61;Fail;166;55.33
Male;Group C;Some College;Free/reduced;None;80;64;66;Pass;210;70
Male;Group D;Some College;Standard;None;81;82;84;Pass;247;82.33
Male;Group C;Some High School;Standard;None;57;61;54;Pass;172;57.33
Female;Group D;Some High School;Standard;None;59;72;80;Pass;211;70.33
Female;Group D;Associate's Degree;Standard;None;64;76;74;Pass;214;71.33
Male;Group C;Bachelor's Degree;Standard;Completed;63;64;66;Pass;193;64.33
Female;Group E;Bachelor's Degree;Standard;Completed;71;70;70;Pass;211;70.33
Female;Group B;High School;Free/reduced;None;64;73;71;Pass;208;69.33
Male;Group D;Bachelor's Degree;Free/reduced;None;55;46;44;Fail;145;48.33
Female;Group E;Associate's Degree;Standard;None;51;51;54;Pass;156;52
Female;Group C;Associate's Degree;Standard;Completed;62;76;80;Pass;218;72.67
Female;Group E;Associate's Degree;Standard;Completed;93;100;95;Pass;288;96
Male;Group C;High School;Free/reduced;None;54;72;59;Pass;185;61.67
Female;Group D;Some College;Free/reduced;None;69;65;74;Pass;208;69.33
Male;Group D;High School;Free/reduced;None;44;51;48;Fail;143;47.67
Female;Group E;Some College;Standard;Completed;86;85;91;Pass;262;87.33
Female;Group E;Associate's Degree;Standard;None;85;92;85;Pass;262;87.33
Female;Group A;Master's Degree;Free/reduced;None;50;67;73;Pass;190;63.33
Male;Group D;Some High School;Standard;Completed;88;74;75;Pass;237;79
Female;Group E;Associate's Degree;Standard;None;59;62;69;Pass;190;63.33
Female;Group E;Some High School;Free/reduced;None;32;34;38;Fail;104;34.67
Male;Group B;High School;Free/reduced;None;36;29;27;Fail;92;30.67
Female;Group B;Some High School;Free/reduced;Completed;63;78;79;Pass;220;73.33
Male;Group D;Associate's Degree;Standard;Completed;67;54;63;Pass;184;61.33
Female;Group D;Some High School;Standard;Completed;65;78;82;Pass;225;75
Male;Group D;Master's Degree;Standard;None;85;84;89;Pass;258;86
Female;Group C;Master's Degree;Standard;None;73;78;74;Pass;225;75
Female;Group A;High School;Free/reduced;Completed;34;48;41;Fail;123;41
Female;Group D;Bachelor's Degree;Free/reduced;Completed;93;100;100;Pass;293;97.67
Female;Group D;Some High School;Free/reduced;None;67;84;84;Pass;235;78.33
Male;Group D;Some College;Standard;None;88;77;77;Pass;242;80.67
Male;Group B;High School;Standard;None;57;48;51;Fail;156;52
Female;Group D;Some College;Standard;Completed;79;84;91;Pass;254;84.67
Female;Group C;Bachelor's Degree;Free/reduced;None;67;75;72;Pass;214;71.33
Male;Group E;Bachelor's Degree;Standard;Completed;70;64;70;Pass;204;68
Male;Group D;Bachelor's Degree;Free/reduced;None;50;42;48;Fail;140;46.67
Female;Group A;Some College;Standard;None;69;84;82;Pass;235;78.33
Female;Group C;Bachelor's Degree;Standard;Completed;52;61;66;Pass;179;59.67
Female;Group C;Bachelor's Degree;Free/reduced;Completed;47;62;66;Fail;175;58.33
Female;Group B;Associate's Degree;Free/reduced;None;46;61;55;Fail;162;54
Female;Group E;Some College;Standard;None;68;70;66;Pass;204;68
Male;Group E;Bachelor's Degree;Standard;Completed;100;100;100;Pass;300;100
Female;Group C;High School;Standard;None;44;61;52;Fail;157;52.33
Female;Group C;Associate's Degree;Standard;Completed;57;77;80;Pass;214;71.33
Male;Group B;Some College;Standard;Completed;91;96;91;Pass;278;92.67
Male;Group D;High School;Free/reduced;None;69;70;67;Pass;206;68.67
Female;Group C;High School;Free/reduced;None;35;53;46;Fail;134;44.67
Male;Group D;High School;Standard;None;72;66;66;Pass;204;68
Female;Group B;Associate's Degree;Free/reduced;None;54;65;65;Pass;184;61.33
Male;Group D;High School;Free/reduced;None;74;70;69;Pass;213;71
Male;Group E;Some High School;Standard;Completed;74;64;60;Pass;198;66
Male;Group E;Associate's Degree;Free/reduced;None;64;56;52;Pass;172;57.33
Female;Group D;High School;Free/reduced;Completed;65;61;71;Pass;197;65.67
Male;Group E;Associate's Degree;Free/reduced;Completed;46;43;44;Fail;133;44.33
Female;Group C;Some High School;Free/reduced;None;48;56;51;Fail;155;51.67
Male;Group C;Some College;Free/reduced;Completed;67;74;70;Pass;211;70.33
Male;Group D;Some College;Free/reduced;None;62;57;62;Pass;181;60.33
Male;Group D;Associate's Degree;Free/reduced;Completed;61;71;73;Pass;205;68.33
Male;Group C;Bachelor's Degree;Free/reduced;Completed;70;75;74;Pass;219;73
Male;Group C;Associate's Degree;Standard;Completed;98;87;90;Pass;275;91.67
Male;Group D;Some College;Free/reduced;None;70;63;58;Pass;191;63.67
Male;Group A;Associate's Degree;Standard;None;67;57;53;Pass;177;59
Female;Group E;High School;Free/reduced;None;57;58;57;Pass;172;57.33
Male;Group D;Some College;Standard;Completed;85;81;85;Pass;251;83.67
Male;Group D;Some High School;Standard;Completed;77;68;69;Pass;214;71.33
Male;Group C;Master's Degree;Free/reduced;Completed;72;66;72;Pass;210;70
Female;Group D;Master's Degree;Standard;None;78;91;96;Pass;265;88.33
Male;Group C;High School;Standard;None;81;66;64;Pass;211;70.33
Male;Group A;Some High School;Free/reduced;Completed;61;62;61;Pass;184;61.33
Female;Group B;High School;Standard;None;58;68;61;Pass;187;62.33
Female;Group C;Associate's Degree;Standard;None;54;61;58;Pass;173;57.67
Male;Group B;High School;Standard;None;82;82;80;Pass;244;81.33
Female;Group D;Some College;Free/reduced;None;49;58;60;Fail;167;55.67
Male;Group B;Some High School;Free/reduced;Completed;49;50;52;Fail;151;50.33
Female;Group E;High School;Free/reduced;Completed;57;75;73;Pass;205;68.33
Male;Group E;High School;Standard;None;94;73;71;Pass;238;79.33
Female;Group D;Some College;Standard;Completed;75;77;83;Pass;235;78.33
Female;Group E;Some High School;Free/reduced;None;74;74;72;Pass;220;73.33
Male;Group C;High School;Standard;Completed;58;52;54;Pass;164;54.67
Female;Group C;Some College;Standard;None;62;69;69;Pass;200;66.67
Male;Group E;Associate's Degree;Standard;None;72;57;62;Pass;191;63.67
Male;Group C;Some College;Standard;None;84;87;81;Pass;252;84
Female;Group D;Master's Degree;Standard;None;92;100;100;Pass;292;97.33
Female;Group D;High School;Standard;None;45;63;59;Fail;167;55.67
Male;Group C;High School;Standard;None;75;81;71;Pass;227;75.67
Female;Group A;Some College;Standard;None;56;58;64;Pass;178;59.33
Female;Group D;Some High School;Free/reduced;None;48;54;53;Fail;155;51.67
Female;Group E;Associate's Degree;Standard;None;100;100;100;Pass;300;100
Female;Group C;Some High School;Free/reduced;Completed;65;76;75;Pass;216;72
Male;Group D;Some College;Standard;None;72;57;58;Pass;187;62.33
Female;Group D;Some College;Standard;None;62;70;72;Pass;204;68
Male;Group A;Some High School;Standard;Completed;66;68;64;Pass;198;66
Male;Group C;Some College;Standard;None;63;63;60;Pass;186;62
Female;Group E;Associate's Degree;Standard;None;68;76;67;Pass;211;70.33
Female;Group B;Bachelor's Degree;Standard;None;75;84;80;Pass;239;79.67
Female;Group D;Bachelor's Degree;Standard;None;89;100;100;Pass;289;96.33
Male;Group C;Some High School;Standard;Completed;78;72;69;Pass;219;73
Female;Group A;High School;Free/reduced;Completed;53;50;60;Pass;163;54.33
Female;Group D;Some College;Free/reduced;None;49;65;61;Fail;175;58.33
Female;Group A;Some College;Standard;None;54;63;67;Pass;184;61.33
Female;Group C;Some College;Standard;Completed;64;82;77;Pass;223;74.33
Male;Group B;Some College;Free/reduced;Completed;60;62;60;Pass;182;60.67
Male;Group C;Associate's Degree;Standard;None;62;65;58;Pass;185;61.67
Male;Group D;High School;Standard;Completed;55;41;48;Fail;144;48
Female;Group C;Associate's Degree;Standard;None;91;95;94;Pass;280;93.33
Female;Group B;High School;Free/reduced;None;8;24;23;Fail;55;18.33
Male;Group D;Some High School;Standard;None;81;78;78;Pass;237;79
Male;Group B;Some High School;Standard;Completed;79;85;86;Pass;250;83.33
Female;Group A;Some College;Standard;Completed;78;87;91;Pass;256;85.33
Female;Group C;Some High School;Standard;None;74;75;82;Pass;231;77
Male;Group A;High School;Standard;None;57;51;54;Pass;162;54
Female;Group C;Associate's Degree;Standard;None;40;59;51;Fail;150;50
Male;Group E;Some High School;Standard;Completed;81;75;76;Pass;232;77.33
Female;Group A;Some High School;Free/reduced;None;44;45;45;Fail;134;44.67
Female;Group D;Some College;Free/reduced;Completed;67;86;83;Pass;236;78.67
Male;Group E;High School;Free/reduced;Completed;86;81;75;Pass;242;80.67
Female;Group B;Some High School;Standard;Completed;65;82;78;Pass;225;75
Female;Group D;Associate's Degree;Free/reduced;None;55;76;76;Pass;207;69
Female;Group D;Bachelor's Degree;Free/reduced;None;62;72;74;Pass;208;69.33
Male;Group A;High School;Standard;None;63;63;62;Pass;188;62.67
Female;Group E;Master's Degree;Standard;Completed;88;99;95;Pass;282;94
Male;Group C;High School;Free/reduced;None;62;55;55;Pass;172;57.33
Female;Group C;High School;Free/reduced;Completed;59;71;65;Pass;195;65
Female;Group D;Some College;Standard;Completed;68;78;77;Pass;223;74.33
Female;Group D;Some College;Free/reduced;None;77;86;86;Pass;249;83
